Evals,Prob
1,0.363636364
1,0.363636364
1,1
5,0.428571429
5,0.428571429
5,0.428571429